97	238
bacteroidetes	hypertension:1
basidiomycota	iv_VitD:1
vintageyrs	IsReuse:1
vintageyrs	hypertension:1
candida	hemoglobinval
basidiomycota	nrf2
phosval	tnfa
ascomycota	candida
itschao1	basidiomycota
vintageyrs	PatientRace_cat:1
ascomycota	iv_VitD:1
cdkn2a	dialyzer_type:2
cladosporium	CCI:3
PostSittingSystolicBP	Cinacalcet:1
richness	creatval
PostSittingSystolicBP	Calcium_Acetate:1
candida	potval
cdkn2a	phosphate_binder:1
cladosporium	potval
TargetDryWeightKg	ModelKOA:Rev
bacteroidetes	VitaminD:1
bDNA_copy_n	TemperaturePost
ALKPHOSval	nrf2
Charlson	causeofESRD:1
vintageyrs	Opioids:0
its_copy_n	ModelKOA:21R
Procalcitonin	CCI:2
PostSittingDiastolicBP	CALCIUMval
nfkb	ModelKOA:RvC
Sevelamer:1	Statin:0
Statin:0	ModelKOA:Rev
ascomycota	PatientRace_cat:1
simpsons	IHD:0
cdkn2a	nfkb
creatval	CCI:2
cladosporium	Vasodilator_Agents:1
potval	CCI:1
vintageyrs	CCI:0
PatientHeightInches	HTxRuntimeMinutes
cladosporium	Opioids:0
phosval	VitaminD_analogs:1
PatientGender_cat:1	causeofESRD:1
richness	IHD:0
creatval	nfkb
bDNA_copy_n	simpsons
candida	cladosporium
Procalcitonin	IHD:0
HTxRuntimeMinutes	DWOC:1
ascomycota	PatientRace_cat:2
PatientAgeYears	PreSittingSystolicBP
hemoglobinval	HTxRuntimeMinutes
PreSittingSystolicBP	PostSittingSystolicBP
BMI_PreKg	crp
ALBval	iv_iron:0
actinobacteria	fusobacteria
hemoglobinval	CCI:2
vintageyrs	Procalcitonin
ascomycota	Aspirin:1
bDNA_copy_n	hemoglobinval
CALCIUMval	VitaminD_analogs:1
aspergillus	dialyzer_type:3
ManufacturerDialyzer:GAMBRO	dialyzer_type:3
ManufacturerDialyzer:GAMBRO	ModelKOA:180
VitaminD:1	dialyzer_type:3
MLD:0	VitaminD:1
Aspirin:1	Lanthanum:1
Lanthanum:1	Access_category:1
CHF:0	Lanthanum:1
CHF:0	ModelKOA:180
causeofESRD:3	IHD:0
CHF:0	Vasodilator_Agents:1
Lanthanum:1	VitaminD:1
Aspirin:1	dialyzer_type:3
IHD:0	Vasodilator_Agents:1
Lanthanum:1	ManufacturerDialyzer:GAMBRO
MLD:0	Access_category:1
IHD:0	Lanthanum:1
nfkb	ModelKOA:Rev
PatientHeightInches	phosphate_binder:1
Charlson	IHD:0
TargetDryWeightKg	crp
PTHval	ModelKOA:21R
nfkb	PatientRace_cat:2
creatval	Lanthanum:1
candida	PatientAgeYears
bacteroidetes	CCI:2
DWOC:1	DWC:0
ascomycota	DIABALL:0
FERRITINval	CHF:0
bDNA_copy_n	mcp1
nfkb	PatientRace_cat:1
hypertension:1	Access_category:1
hypertension:1	IHD:0
richness	fusarium
simpsons	fusarium
aspergillus	il6
PatientRace_cat:1	CCI:0
CCI:0	Opioids:0
DIABALL:0	alpha2_agonists:1
evenness	Aspirin:1
richness	PreSittingDiastolicBP
firmicutes	VitaminD_analogs:1
TemperaturePre	PatientRace_cat:3
proteobacteria	dialyzer_type:2
cdkn2a	DIABALL:0
il6	PatientGender_cat:1
creatval	Procalcitonin
hemoglobinval	phosphate_binder:1
evenness	bacteroidetes
cladosporium	PatientGender_cat:1
PatientHeightInches	il6
DIABALL:0	analgesics:1
phosphate_binder:1	Access_category:2
hyperlipidemia:1	Antacids:0
CCI:3	Opioids:0
Opioids:0	analgesics:1
DIABALL:0	iv_VitD:1
cdkn2a	nrf2
PatientHeightInches	dialyzer_type:2
candida	PreSittingDiastolicBP
fusarium	mcp1
creatval	Opioids:0
PreSittingDiastolicBP	PreSittingSystolicBP
simpsons	CCI:1
itschao1	PatientRace_cat:2
crp	DIABALL:0
itschao1	ascomycota
PatientHeightInches	nfkb
PostSittingDiastolicBP	VitaminD_analogs:1
cyanobacteria	hemoglobinval
actinobacteria	firmicutes
PreSittingSystolicBP	Calcium_Acetate:1
hemoglobinval	iv_ESA:0
PatientAgeYears	PatientGender_cat:1
PostSittingSystolicBP	VitaminD_analogs:1
il6	PatientRace_cat:3
simpsons	MLD:0
PreSittingSystolicBP	phosphate_binder:1
cyanobacteria	Sevelamer:1
ModelKOA:Rev	IsReuse:1
PatientAgeYears	nfkb
simpsons	bacteroidetes
nrf2	ManufacturerDialyzer:GAMBRO
fusarium	MLD:0
Charlson	iv_VitD:1
creatval	PatientGender_cat:1
hemoglobinval	ModelKOA:21R
Aspirin:1	VitaminD:1
CHF:0	IHD:0
VitaminD:1	Access_category:1
VitaminD:1	ManufacturerDialyzer:GAMBRO
CHF:0	ManufacturerDialyzer:GAMBRO
Aspirin:1	ManufacturerDialyzer:GAMBRO
phosval	MLD:0
PatientHeightInches	cdkn2a
bacteroidetes	IHD:0
candida	PatientGender_cat:1
bacteroidetes	Procalcitonin
PatientAgeYears	PatientHeightInches
basidiomycota	Aspirin:1
CCI:1	DWOC:1
cladosporium	causeofESRD:2
PatientAgeYears	Charlson
richness	Lanthanum:1
phosval	alpha2_agonists:1
ascomycota	analgesics:1
aspergillus	iv_VitD:1
TargetDryWeightKg	hemoglobinval
CCI:2	hypertension:1
nfkb	PatientGender_cat:1
cdkn2a	analgesics:1
CALCIUMval	Procalcitonin
crp	HTxRuntimeMinutes
TemperaturePost	cdkn2a
bDNA_copy_n	Sevelamer:1
crp	Vasodilator_Agents:1
fusarium	CCI:1
PostSittingSystolicBP	CALCIUMval
aspergillus	IsReuse:1
PreSittingSystolicBP	hemoglobinval
nrf2	Lanthanum:1
nrf2	CHF:0
richness	bacteroidetes
ModelKOA:24R	IsReuse:1
CCI:0	iv_VitD:1
analgesics:1	IsReuse:1
CCI:0	analgesics:1
PatientHeightInches	creatval
hemoglobinval	Sevelamer:1
fusobacteria	analgesics:1
fusobacteria	ModelKOA:24R
fusobacteria	Antiplatelet:1
proteobacteria	nfkb
HTxRuntimeMinutes	DIABALL:0
aspergillus	analgesics:1
PatientAgeYears	PreSittingDiastolicBP
Charlson	causeofESRD:2
ascomycota	CCI:0
Sevelamer:1	phosphate_binder:1
Lanthanum:1	dialyzer_type:2
analgesics:1	dialyzer_type:3
ModelKOA:180	dialyzer_type:2
iv_VitD:1	VitaminD_analogs:1
causeofESRD:3	Antacids:0
iv_VitD:1	dialyzer_type:3
CCI:3	ModelKOA:180
causeofESRD:4	ModelKOA:180
CCI:3	Vasodilator_Agents:1
MLD:0	Access_category:2
cladosporium	causeofESRD:1
fusarium	PostSittingDiastolicBP
causeofESRD:1	causeofESRD:2
PreSittingDiastolicBP	creatval
PostSittingDiastolicBP	PostSittingSystolicBP
TemperaturePost	phosphate_binder:1
PTHval	iv_ESA:0
TargetDryWeightKg	HTxRuntimeMinutes
cladosporium	creatval
proteobacteria	ManufacturerDialyzer:GAMBRO
cyanobacteria	PreSittingSystolicBP
bacteroidetes	Lanthanum:1
proteobacteria	ModelKOA:Rev
PatientAgeYears	creatval
Procalcitonin	causeofESRD:3
simpsons	richness
nrf2	dialyzer_type:2
its_copy_n	Cinacalcet:1
Access_category:1	Access_category:2
CCI:3	CHF:0
CHF:0	dialyzer_type:2
ManufacturerDialyzer:GAMBRO	dialyzer_type:2
TemperaturePost	Sevelamer:1
CCI:0	DIABALL:0
PatientRace_cat:1	PatientRace_cat:2
TargetDryWeightKg	BMI_PreKg
simpsons	evenness
PatientHeightInches	PatientGender_cat:1
basidiomycota	ascomycota
